station_abbr;reference_timestamp;rhs150m0;rh9120mv;rhs001m0
AIR;01.11.1883 00:00;29.9;14;
AIR;01.12.1883 00:00;47.7;42;
AIR;01.01.1884 00:00;40.4;38;
AIR;01.02.1884 00:00;18;22;
AIR;01.03.1884 00:00;0;0;
AIR;01.04.1884 00:00;91.3;60;
AIR;01.05.1884 00:00;137;74;
AIR;01.06.1884 00:00;89.1;51;
AIR;01.07.1884 00:00;46.6;35;
AIR;01.08.1884 00:00;33.3;19;
AIR;01.09.1884 00:00;402.1;212;
AIR;01.10.1884 00:00;44.8;21;
AIR;01.11.1884 00:00;6.4;3;
AIR;01.12.1884 00:00;76.4;66;
AIR;01.01.1885 00:00;74.7;70;
AIR;01.02.1885 00:00;99.9;122;
AIR;01.03.1885 00:00;85;86;
AIR;01.04.1885 00:00;203.4;134;
AIR;01.05.1885 00:00;75.5;41;
AIR;01.06.1885 00:00;61.5;35;
AIR;01.07.1885 00:00;100.3;75;
AIR;01.08.1885 00:00;151.7;87;
AIR;01.09.1885 00:00;461.1;243;
AIR;01.10.1885 00:00;382.6;176;
AIR;01.11.1885 00:00;240.4;110;
AIR;01.12.1885 00:00;15.9;14;
AIR;01.01.1886 00:00;94;88;
AIR;01.02.1886 00:00;21.8;27;
AIR;01.03.1886 00:00;14.2;14;
AIR;01.04.1886 00:00;84.4;56;
AIR;01.05.1886 00:00;476.1;259;
AIR;01.06.1886 00:00;31.2;18;
AIR;01.07.1886 00:00;211.9;159;
AIR;01.08.1886 00:00;79.5;45;
AIR;01.09.1886 00:00;38.8;20;
AIR;01.10.1886 00:00;446.8;206;
AIR;01.11.1886 00:00;529.9;242;
AIR;01.12.1886 00:00;317.6;276;
AIR;01.01.1887 00:00;84.4;79;
AIR;01.02.1887 00:00;8.6;11;
AIR;01.03.1887 00:00;34.6;35;
AIR;01.04.1887 00:00;182.9;121;
AIR;01.05.1887 00:00;250.1;136;
AIR;01.06.1887 00:00;107.5;61;
AIR;01.07.1887 00:00;103.3;78;
AIR;01.08.1887 00:00;103.8;59;
AIR;01.09.1887 00:00;188.5;99;
AIR;01.10.1887 00:00;70.4;32;
AIR;01.11.1887 00:00;185;84;
AIR;01.12.1887 00:00;96.6;84;
AIR;01.01.1888 00:00;24.4;23;
AIR;01.02.1888 00:00;276.5;338;
AIR;01.03.1888 00:00;404.9;408;
AIR;01.04.1888 00:00;215.6;142;
AIR;01.05.1888 00:00;46.1;25;
AIR;01.06.1888 00:00;184.2;105;
AIR;01.07.1888 00:00;390.5;294;
AIR;01.08.1888 00:00;262.7;150;
AIR;01.09.1888 00:00;146.2;77;
AIR;01.10.1888 00:00;276.6;127;
AIR;01.11.1888 00:00;168.7;77;
AIR;01.12.1888 00:00;113.1;98;
AIR;01.01.1889 00:00;41.4;39;
AIR;01.02.1889 00:00;48.9;60;
AIR;01.03.1889 00:00;73.2;74;
AIR;01.04.1889 00:00;242.5;160;
AIR;01.05.1889 00:00;162.8;88;
AIR;01.06.1889 00:00;149.2;85;
AIR;01.07.1889 00:00;74.7;56;
AIR;01.08.1889 00:00;104.3;60;
AIR;01.09.1889 00:00;32.9;17;
AIR;01.10.1889 00:00;832.3;383;
AIR;01.11.1889 00:00;24.9;11;
AIR;01.12.1889 00:00;76.8;67;
AIR;01.01.1890 00:00;134.7;126;
AIR;01.02.1890 00:00;8.2;10;
AIR;01.03.1890 00:00;155.3;157;
AIR;01.04.1890 00:00;167.8;111;
AIR;01.05.1890 00:00;303.6;165;
AIR;01.06.1890 00:00;126.7;72;
AIR;01.07.1890 00:00;171.8;129;
AIR;01.08.1890 00:00;468.1;268;
AIR;01.09.1890 00:00;170.1;90;
AIR;01.10.1890 00:00;88.3;41;
AIR;01.11.1890 00:00;55.1;25;
AIR;01.12.1890 00:00;48.8;42;
AIR;01.01.1891 00:00;16.5;15;
AIR;01.02.1891 00:00;0;0;
AIR;01.03.1891 00:00;194.7;196;
AIR;01.04.1891 00:00;80.5;53;
AIR;01.05.1891 00:00;278.3;151;
AIR;01.06.1891 00:00;146.6;84;
AIR;01.07.1891 00:00;359;270;
AIR;01.08.1891 00:00;179;102;
AIR;01.09.1891 00:00;116.7;62;
AIR;01.10.1891 00:00;345.3;159;
AIR;01.11.1891 00:00;199.5;91;
AIR;01.12.1891 00:00;138.2;120;
AIR;01.01.1892 00:00;42.8;40;
AIR;01.02.1892 00:00;266.4;325;
AIR;01.03.1892 00:00;98.1;99;
AIR;01.04.1892 00:00;35.8;24;
AIR;01.05.1892 00:00;3.1;2;
AIR;01.06.1892 00:00;127;73;
AIR;01.07.1892 00:00;107.9;81;
AIR;01.08.1892 00:00;163.2;93;
AIR;01.09.1892 00:00;174.5;92;
AIR;01.10.1892 00:00;532.2;245;
AIR;01.11.1892 00:00;53.4;24;
AIR;01.12.1892 00:00;15.2;13;
AIR;01.01.1893 00:00;51.1;48;
AIR;01.02.1893 00:00;128.8;157;
AIR;01.03.1893 00:00;6.9;7;
AIR;01.04.1893 00:00;6.9;5;
AIR;01.05.1893 00:00;57.8;31;
AIR;01.06.1893 00:00;140.1;80;
AIR;01.07.1893 00:00;167;126;
AIR;01.08.1893 00:00;16.7;10;
AIR;01.09.1893 00:00;315.3;166;
AIR;01.10.1893 00:00;177.7;82;
AIR;01.11.1893 00:00;35.1;16;
AIR;01.12.1893 00:00;76.7;67;
AIR;01.01.1894 00:00;73.4;69;
AIR;01.02.1894 00:00;18;22;
AIR;01.03.1894 00:00;37.3;38;
AIR;01.04.1894 00:00;87.4;58;
AIR;01.05.1894 00:00;124.6;68;
AIR;01.06.1894 00:00;43.6;25;
AIR;01.07.1894 00:00;260.6;196;
AIR;01.08.1894 00:00;149.9;86;
AIR;01.09.1894 00:00;53.9;28;
AIR;01.10.1894 00:00;133.2;61;
AIR;01.11.1894 00:00;219.5;100;
AIR;01.12.1894 00:00;19.9;17;
AIR;01.01.1895 00:00;307.3;287;
AIR;01.02.1895 00:00;22.1;27;
AIR;01.03.1895 00:00;136.2;137;
AIR;01.04.1895 00:00;52.4;35;
AIR;01.05.1895 00:00;102.3;56;
AIR;01.06.1895 00:00;180.3;103;
AIR;01.07.1895 00:00;61.6;46;
AIR;01.08.1895 00:00;121.1;69;
AIR;01.09.1895 00:00;11.4;6;
AIR;01.10.1895 00:00;276;127;
AIR;01.11.1895 00:00;186.3;85;
AIR;01.12.1895 00:00;134.7;117;
AIR;01.01.1896 00:00;24.8;23;
AIR;01.02.1896 00:00;17.2;21;
AIR;01.03.1896 00:00;116.1;117;
AIR;01.04.1896 00:00;43;28;
AIR;01.05.1896 00:00;37.8;21;
AIR;01.06.1896 00:00;195.4;112;
AIR;01.07.1896 00:00;187.3;141;
AIR;01.08.1896 00:00;235.9;135;
AIR;01.09.1896 00:00;251.3;132;
AIR;01.10.1896 00:00;831.3;383;
AIR;01.11.1896 00:00;121.8;56;
AIR;01.12.1896 00:00;182.9;159;
AIR;01.01.1897 00:00;127.8;119;
AIR;01.02.1897 00:00;107.5;131;
AIR;01.03.1897 00:00;136.7;138;
AIR;01.04.1897 00:00;82.7;55;
AIR;01.05.1897 00:00;35.4;19;
AIR;01.06.1897 00:00;42.6;24;
AIR;01.07.1897 00:00;138.5;104;
AIR;01.08.1897 00:00;349;200;
AIR;01.09.1897 00:00;429.4;226;
AIR;01.10.1897 00:00;49.3;23;
AIR;01.11.1897 00:00;51.6;24;
AIR;01.12.1897 00:00;141.7;123;
AIR;01.01.1898 00:00;29.4;27;
AIR;01.02.1898 00:00;191.6;234;
AIR;01.03.1898 00:00;305;307;
AIR;01.04.1898 00:00;170.7;113;
AIR;01.05.1898 00:00;323.3;176;
AIR;01.06.1898 00:00;294.9;168;
AIR;01.07.1898 00:00;22.2;17;
AIR;01.08.1898 00:00;137.8;79;
AIR;01.09.1898 00:00;18.5;10;
AIR;01.10.1898 00:00;251.2;116;
AIR;01.11.1898 00:00;409.7;187;
AIR;01.12.1898 00:00;6.7;6;
AIR;01.01.1899 00:00;278.8;261;
AIR;01.02.1899 00:00;0;0;
AIR;01.03.1899 00:00;49.7;50;
AIR;01.04.1899 00:00;167.6;111;
AIR;01.05.1899 00:00;136.7;74;
AIR;01.06.1899 00:00;171.4;98;
AIR;01.07.1899 00:00;51.8;39;
AIR;01.08.1899 00:00;90.4;52;
AIR;01.09.1899 00:00;160.1;84;
AIR;01.10.1899 00:00;42.4;20;
AIR;01.11.1899 00:00;77.9;36;
AIR;01.12.1899 00:00;81.8;71;
AIR;01.01.1900 00:00;172.5;161;
AIR;01.02.1900 00:00;192.3;235;
AIR;01.03.1900 00:00;118;119;
AIR;01.04.1900 00:00;40.9;27;
AIR;01.05.1900 00:00;179;97;
AIR;01.06.1900 00:00;67;38;
AIR;01.07.1900 00:00;215.5;162;
AIR;01.08.1900 00:00;438.8;251;
AIR;01.09.1900 00:00;152.9;81;
AIR;01.10.1900 00:00;85.8;40;
AIR;01.11.1900 00:00;321.6;147;
AIR;01.12.1900 00:00;64.2;56;
AIR;01.01.1901 00:00;27.2;25;
AIR;01.02.1901 00:00;48.4;59;
AIR;01.03.1901 00:00;289.2;292;
AIR;01.04.1901 00:00;280.3;185;
AIR;01.05.1901 00:00;86;47;
AIR;01.06.1901 00:00;204.9;117;
AIR;01.07.1901 00:00;226.5;170;
AIR;01.08.1901 00:00;102.2;58;
AIR;01.09.1901 00:00;155;82;
AIR;01.10.1901 00:00;308.4;142;
AIR;01.11.1901 00:00;36.9;17;
AIR;01.12.1901 00:00;251.8;219;
AIR;01.01.1902 00:00;80.1;75;
AIR;01.02.1902 00:00;130.5;159;
AIR;01.03.1902 00:00;305.7;308;
AIR;01.04.1902 00:00;75;50;
AIR;01.05.1902 00:00;129.9;71;
AIR;01.06.1902 00:00;115.6;66;
AIR;01.07.1902 00:00;120.5;91;
AIR;01.08.1902 00:00;320.5;183;
AIR;01.09.1902 00:00;123.5;65;
AIR;01.10.1902 00:00;225.2;104;
AIR;01.11.1902 00:00;105.3;48;
AIR;01.12.1902 00:00;78.2;68;
AIR;01.01.1903 00:00;75.2;70;
AIR;01.02.1903 00:00;36;44;
AIR;01.03.1903 00:00;134.2;135;
AIR;01.04.1903 00:00;196.6;130;
AIR;01.05.1903 00:00;274.8;149;
AIR;01.06.1903 00:00;175.3;100;
AIR;01.07.1903 00:00;293.9;221;
AIR;01.08.1903 00:00;194.9;111;
AIR;01.09.1903 00:00;112;59;
AIR;01.10.1903 00:00;257.5;119;
AIR;01.11.1903 00:00;106.8;49;
AIR;01.12.1903 00:00;177.9;155;
AIR;01.01.1904 00:00;36.5;34;
AIR;01.02.1904 00:00;241;294;
AIR;01.03.1904 00:00;117.4;118;
AIR;01.04.1904 00:00;128.8;85;
AIR;01.05.1904 00:00;160.9;87;
AIR;01.06.1904 00:00;152.9;87;
AIR;01.07.1904 00:00;74.2;56;
AIR;01.08.1904 00:00;47.3;27;
AIR;01.09.1904 00:00;149.4;79;
AIR;01.10.1904 00:00;35.3;16;
AIR;01.11.1904 00:00;46.7;21;
AIR;01.12.1904 00:00;59.2;52;
AIR;01.01.1905 00:00;32.2;30;
AIR;01.02.1905 00:00;26;32;
AIR;01.03.1905 00:00;69.8;70;
AIR;01.04.1905 00:00;206.9;137;
AIR;01.05.1905 00:00;312.7;170;
AIR;01.06.1905 00:00;88.7;51;
AIR;01.07.1905 00:00;62.1;47;
AIR;01.08.1905 00:00;324;185;
AIR;01.09.1905 00:00;351.3;185;
AIR;01.10.1905 00:00;26.4;12;
AIR;01.11.1905 00:00;271.1;124;
AIR;01.12.1905 00:00;22.6;20;
AIR;01.01.1906 00:00;55.1;51;
AIR;01.02.1906 00:00;68.7;84;
AIR;01.03.1906 00:00;82.9;84;
AIR;01.04.1906 00:00;155.2;103;
AIR;01.05.1906 00:00;64.8;35;
AIR;01.06.1906 00:00;25.3;14;
AIR;01.07.1906 00:00;93.3;70;
AIR;01.08.1906 00:00;68.2;39;
AIR;01.09.1906 00:00;63.7;34;
AIR;01.10.1906 00:00;145.5;67;
AIR;01.11.1906 00:00;499.7;228;
AIR;01.12.1906 00:00;55.1;48;
AIR;01.01.1907 00:00;40.8;38;
AIR;01.02.1907 00:00;33.9;41;
AIR;01.03.1907 00:00;55.6;56;
AIR;01.04.1907 00:00;70.4;46;
AIR;01.05.1907 00:00;140.9;77;
AIR;01.06.1907 00:00;204.2;117;
AIR;01.07.1907 00:00;215.5;162;
AIR;01.08.1907 00:00;120.4;69;
AIR;01.09.1907 00:00;192.7;102;
AIR;01.10.1907 00:00;709.5;327;
AIR;01.11.1907 00:00;60.8;28;
AIR;01.12.1907 00:00;165.4;144;
AIR;01.01.1908 00:00;15;14;
AIR;01.02.1908 00:00;82;100;
AIR;01.03.1908 00:00;126.5;128;
AIR;01.04.1908 00:00;124.1;82;
AIR;01.05.1908 00:00;317.7;173;
AIR;01.06.1908 00:00;165.2;94;
AIR;01.07.1908 00:00;208.8;157;
AIR;01.08.1908 00:00;175.4;100;
AIR;01.09.1908 00:00;133.6;70;
AIR;01.10.1908 00:00;107.7;50;
AIR;01.11.1908 00:00;61.6;28;
AIR;01.12.1908 00:00;33.2;29;
AIR;01.01.1909 00:00;13.3;12;
AIR;01.02.1909 00:00;74.2;91;
AIR;01.03.1909 00:00;124.3;125;
AIR;01.04.1909 00:00;145;96;
AIR;01.05.1909 00:00;149;81;
AIR;01.06.1909 00:00;304.4;174;
AIR;01.07.1909 00:00;133.4;100;
AIR;01.08.1909 00:00;239.3;137;
AIR;01.09.1909 00:00;116.5;61;
AIR;01.10.1909 00:00;313.6;144;
AIR;01.11.1909 00:00;70.5;32;
AIR;01.12.1909 00:00;204;178;
AIR;01.01.1910 00:00;178.2;167;
AIR;01.02.1910 00:00;78.5;96;
AIR;01.03.1910 00:00;114.7;116;
AIR;01.04.1910 00:00;218.5;144;
AIR;01.05.1910 00:00;97.4;53;
AIR;01.06.1910 00:00;175.9;100;
AIR;01.07.1910 00:00;151.7;114;
AIR;01.08.1910 00:00;147;84;
AIR;01.09.1910 00:00;77.6;41;
AIR;01.10.1910 00:00;296;136;
AIR;01.11.1910 00:00;200.3;91;
AIR;01.12.1910 00:00;388.2;338;
AIR;01.01.1911 00:00;7.1;7;
AIR;01.02.1911 00:00;69.8;85;
AIR;01.03.1911 00:00;139.7;141;
AIR;01.04.1911 00:00;48.5;32;
AIR;01.05.1911 00:00;90.7;49;
AIR;01.06.1911 00:00;249.9;143;
AIR;01.07.1911 00:00;4.7;4;
AIR;01.08.1911 00:00;230;132;
AIR;01.09.1911 00:00;129.1;68;
AIR;01.10.1911 00:00;394.2;181;
AIR;01.11.1911 00:00;338.8;154;
AIR;01.12.1911 00:00;131.9;115;
AIR;01.01.1912 00:00;111.1;104;
AIR;01.02.1912 00:00;156.2;191;
AIR;01.03.1912 00:00;147.9;149;
AIR;01.04.1912 00:00;31.1;21;
AIR;01.05.1912 00:00;96.5;52;
AIR;01.06.1912 00:00;129.8;74;
AIR;01.07.1912 00:00;192.7;145;
AIR;01.08.1912 00:00;375;215;
AIR;01.09.1912 00:00;14.4;8;
AIR;01.10.1912 00:00;235.4;108;
AIR;01.11.1912 00:00;90.1;41;
AIR;01.12.1912 00:00;59.3;52;
AIR;01.01.1913 00:00;74.2;69;
AIR;01.02.1913 00:00;9;11;
AIR;01.03.1913 00:00;247.1;249;
AIR;01.04.1913 00:00;215.1;142;
AIR;01.05.1913 00:00;116.6;63;
AIR;01.06.1913 00:00;50.9;29;
AIR;01.07.1913 00:00;76.5;58;
AIR;01.08.1913 00:00;113.7;65;
AIR;01.09.1913 00:00;307.7;162;
AIR;01.10.1913 00:00;482.2;222;
AIR;01.11.1913 00:00;209.5;95;
AIR;01.12.1913 00:00;47.7;42;
AIR;01.01.1914 00:00;77.1;72;
AIR;01.02.1914 00:00;170.3;208;
AIR;01.03.1914 00:00;190.3;192;
AIR;01.04.1914 00:00;77;51;
AIR;01.05.1914 00:00;289.3;157;
AIR;01.06.1914 00:00;177.7;101;
AIR;01.07.1914 00:00;283.4;213;
AIR;01.08.1914 00:00;264.6;151;
AIR;01.09.1914 00:00;88.4;47;
AIR;01.10.1914 00:00;374.8;173;
AIR;01.11.1914 00:00;51.3;23;
AIR;01.12.1914 00:00;195.8;170;
AIR;01.01.1915 00:00;136.5;128;
AIR;01.02.1915 00:00;204.1;249;
AIR;01.03.1915 00:00;108.2;109;
AIR;01.04.1915 00:00;92.5;61;
AIR;01.05.1915 00:00;118.8;65;
AIR;01.06.1915 00:00;62.3;36;
AIR;01.07.1915 00:00;253.3;190;
AIR;01.08.1915 00:00;59;34;
AIR;01.09.1915 00:00;267.3;141;
AIR;01.10.1915 00:00;33.9;16;
AIR;01.11.1915 00:00;57.5;26;
AIR;01.12.1915 00:00;192.7;168;
AIR;01.01.1916 00:00;20.1;19;
AIR;01.02.1916 00:00;285.6;349;
AIR;01.03.1916 00:00;296.6;299;
AIR;01.04.1916 00:00;158.4;105;
AIR;01.05.1916 00:00;199.3;108;
AIR;01.06.1916 00:00;241;138;
AIR;01.07.1916 00:00;182.9;138;
AIR;01.08.1916 00:00;174.5;100;
AIR;01.09.1916 00:00;152.8;81;
AIR;01.10.1916 00:00;127.8;59;
AIR;01.11.1916 00:00;198;90;
AIR;01.12.1916 00:00;306.6;267;
AIR;01.01.1917 00:00;57.5;54;
AIR;01.02.1917 00:00;6.9;8;
AIR;01.03.1917 00:00;183.2;185;
AIR;01.04.1917 00:00;260.6;172;
AIR;01.05.1917 00:00;363.4;198;
AIR;01.06.1917 00:00;134;77;
AIR;01.07.1917 00:00;281.4;212;
AIR;01.08.1917 00:00;321.7;184;
AIR;01.09.1917 00:00;79;42;
AIR;01.10.1917 00:00;346.4;159;
AIR;01.11.1917 00:00;49.2;22;
AIR;01.12.1917 00:00;57.1;50;
AIR;01.01.1918 00:00;67.7;63;
AIR;01.02.1918 00:00;10.5;13;
AIR;01.03.1918 00:00;156.2;157;
AIR;01.04.1918 00:00;251.6;166;
AIR;01.05.1918 00:00;113;61;
AIR;01.06.1918 00:00;465.7;266;
AIR;01.07.1918 00:00;101.2;76;
AIR;01.08.1918 00:00;115.1;66;
AIR;01.09.1918 00:00;382.2;201;
AIR;01.10.1918 00:00;166.8;77;
AIR;01.11.1918 00:00;106.9;49;
AIR;01.12.1918 00:00;297.8;259;
AIR;01.01.1919 00:00;243.1;227;
AIR;01.02.1919 00:00;62.3;76;
AIR;01.03.1919 00:00;89.1;90;
AIR;01.04.1919 00:00;151.9;100;
AIR;01.05.1919 00:00;12.1;7;
AIR;01.06.1919 00:00;63.7;36;
AIR;01.07.1919 00:00;157.6;118;
AIR;01.08.1919 00:00;66.9;38;
AIR;01.09.1919 00:00;241.2;127;
AIR;01.10.1919 00:00;128.5;59;
AIR;01.11.1919 00:00;221.5;101;
AIR;01.12.1919 00:00;191.6;167;
AIR;01.01.1920 00:00;177.6;166;
AIR;01.02.1920 00:00;13.2;16;
AIR;01.03.1920 00:00;240.1;242;
AIR;01.04.1920 00:00;277.7;183;
AIR;01.05.1920 00:00;133.9;73;
AIR;01.06.1920 00:00;74.5;43;
AIR;01.07.1920 00:00;249.6;188;
AIR;01.08.1920 00:00;62.9;36;
AIR;01.09.1920 00:00;420.3;222;
AIR;01.10.1920 00:00;123.9;57;
AIR;01.11.1920 00:00;92.5;42;
AIR;01.12.1920 00:00;44.5;39;
AIR;01.01.1921 00:00;66.9;63;
AIR;01.02.1921 00:00;33;40;
AIR;01.03.1921 00:00;47.9;48;
AIR;01.04.1921 00:00;89.8;59;
AIR;01.05.1921 00:00;87.5;48;
AIR;01.06.1921 00:00;84.5;48;
AIR;01.07.1921 00:00;114.2;86;
AIR;01.08.1921 00:00;354.6;203;
AIR;01.09.1921 00:00;89.1;47;
AIR;01.10.1921 00:00;7.1;3;
AIR;01.11.1921 00:00;75.9;35;
AIR;01.12.1921 00:00;5.4;5;
AIR;01.01.1922 00:00;159;149;
AIR;01.02.1922 00:00;47.4;58;
AIR;01.03.1922 00:00;290.3;293;
AIR;01.04.1922 00:00;189.8;125;
AIR;01.05.1922 00:00;77.1;42;
AIR;01.06.1922 00:00;131.6;75;
AIR;01.07.1922 00:00;198.3;149;
AIR;01.08.1922 00:00;320.5;183;
AIR;01.09.1922 00:00;289.3;153;
AIR;01.10.1922 00:00;153;70;
AIR;01.11.1922 00:00;56.3;26;
AIR;01.12.1922 00:00;200.7;175;
AIR;01.01.1923 00:00;4.4;4;
AIR;01.02.1923 00:00;21;26;
AIR;01.03.1923 00:00;12.4;13;
AIR;01.04.1923 00:00;193.1;128;
AIR;01.05.1923 00:00;395.8;215;
AIR;01.06.1923 00:00;15.2;9;
AIR;01.07.1923 00:00;46.9;35;
AIR;01.08.1923 00:00;195.2;112;
AIR;01.09.1923 00:00;215.9;114;
AIR;01.10.1923 00:00;534.3;246;
AIR;01.11.1923 00:00;317.7;145;
AIR;01.12.1923 00:00;206.8;180;
AIR;01.01.1924 00:00;37.1;35;
AIR;01.02.1924 00:00;48.2;59;
AIR;01.03.1924 00:00;99.1;100;
AIR;01.04.1924 00:00;81.8;54;
AIR;01.05.1924 00:00;371;202;
AIR;01.06.1924 00:00;127.6;73;
AIR;01.07.1924 00:00;153.6;115;
AIR;01.08.1924 00:00;286.7;164;
AIR;01.09.1924 00:00;320.8;169;
AIR;01.10.1924 00:00;250.5;115;
AIR;01.11.1924 00:00;71.3;32;
AIR;01.12.1924 00:00;98.4;86;
AIR;01.01.1925 00:00;9.4;9;
AIR;01.02.1925 00:00;377.7;461;
AIR;01.03.1925 00:00;138.4;140;
AIR;01.04.1925 00:00;89.5;59;
AIR;01.05.1925 00:00;220.7;120;
AIR;01.06.1925 00:00;5.7;3;
AIR;01.07.1925 00:00;204.5;154;
AIR;01.08.1925 00:00;277.4;159;
AIR;01.09.1925 00:00;395.1;208;
AIR;01.10.1925 00:00;134.3;62;
AIR;01.11.1925 00:00;80.4;37;
AIR;01.12.1925 00:00;164.4;143;
AIR;01.01.1926 00:00;86.1;80;
AIR;01.02.1926 00:00;219.5;268;
AIR;01.03.1926 00:00;94.6;95;
AIR;01.04.1926 00:00;149.1;98;
AIR;01.05.1926 00:00;376.2;204;
AIR;01.06.1926 00:00;117.9;67;
AIR;01.07.1926 00:00;146.9;110;
AIR;01.08.1926 00:00;55.1;32;
AIR;01.09.1926 00:00;80.4;42;
AIR;01.10.1926 00:00;421.6;194;
AIR;01.11.1926 00:00;868.5;396;
AIR;01.12.1926 00:00;26.4;23;
AIR;01.01.1927 00:00;78;73;
AIR;01.02.1927 00:00;72.1;88;
AIR;01.03.1927 00:00;203.3;205;
AIR;01.04.1927 00:00;143.8;95;
AIR;01.05.1927 00:00;87.4;48;
AIR;01.06.1927 00:00;390.5;223;
AIR;01.07.1927 00:00;290;218;
AIR;01.08.1927 00:00;264.3;151;
AIR;01.09.1927 00:00;393.9;208;
AIR;01.10.1927 00:00;54.6;25;
AIR;01.11.1927 00:00;416.4;190;
AIR;01.12.1927 00:00;107.4;93;
AIR;01.01.1928 00:00;49.7;46;
AIR;01.02.1928 00:00;107.6;131;
AIR;01.03.1928 00:00;258.2;260;
AIR;01.04.1928 00:00;344;227;
AIR;01.05.1928 00:00;160.5;87;
AIR;01.06.1928 00:00;184.9;106;
AIR;01.07.1928 00:00;32.2;24;
AIR;01.08.1928 00:00;179.9;103;
AIR;01.09.1928 00:00;49.6;26;
AIR;01.10.1928 00:00;703.2;324;
AIR;01.11.1928 00:00;247.5;113;
AIR;01.12.1928 00:00;52.1;45;
AIR;01.01.1929 00:00;14.8;14;
AIR;01.02.1929 00:00;3.3;4;
AIR;01.03.1929 00:00;10.2;10;
AIR;01.04.1929 00:00;400.6;265;
AIR;01.05.1929 00:00;160.8;87;
AIR;01.06.1929 00:00;89.5;51;
AIR;01.07.1929 00:00;115.9;87;
AIR;01.08.1929 00:00;183.9;105;
AIR;01.09.1929 00:00;35.3;19;
AIR;01.10.1929 00:00;356.5;164;
AIR;01.11.1929 00:00;115.2;53;
AIR;01.12.1929 00:00;144.5;126;
AIR;01.01.1930 00:00;99.7;93;
AIR;01.02.1930 00:00;25;31;
AIR;01.03.1930 00:00;104.1;105;
AIR;01.04.1930 00:00;235.5;156;
AIR;01.05.1930 00:00;194.7;106;
AIR;01.06.1930 00:00;167;95;
AIR;01.07.1930 00:00;198.1;149;
AIR;01.08.1930 00:00;126.6;72;
AIR;01.09.1930 00:00;168.7;89;
AIR;01.10.1930 00:00;62;29;
AIR;01.11.1930 00:00;340.6;155;
AIR;01.12.1930 00:00;40.1;35;
AIR;01.01.1931 00:00;90.5;85;
AIR;01.02.1931 00:00;154.7;189;
AIR;01.03.1931 00:00;80.2;81;
AIR;01.04.1931 00:00;53.9;36;
AIR;01.05.1931 00:00;261.5;142;
AIR;01.06.1931 00:00;76.4;44;
AIR;01.07.1931 00:00;303.8;228;
AIR;01.08.1931 00:00;346.9;198;
AIR;01.09.1931 00:00;155.1;82;
AIR;01.10.1931 00:00;120.6;56;
AIR;01.11.1931 00:00;234.2;107;
AIR;01.12.1931 00:00;18.6;16;
AIR;01.01.1932 00:00;65;61;
AIR;01.02.1932 00:00;7.4;9;
AIR;01.03.1932 00:00;62.9;63;
AIR;01.04.1932 00:00;115.2;76;
AIR;01.05.1932 00:00;475.2;258;
AIR;01.06.1932 00:00;237.5;136;
AIR;01.07.1932 00:00;291;219;
AIR;01.08.1932 00:00;49.3;28;
AIR;01.09.1932 00:00;580.5;306;
AIR;01.10.1932 00:00;306.3;141;
AIR;01.11.1932 00:00;78.3;36;
AIR;01.12.1932 00:00;137.3;119;
AIR;01.01.1933 00:00;78.6;73;
AIR;01.02.1933 00:00;22.9;28;
AIR;01.03.1933 00:00;125.2;126;
AIR;01.04.1933 00:00;99.6;66;
AIR;01.05.1933 00:00;143.9;78;
AIR;01.06.1933 00:00;295;168;
AIR;01.07.1933 00:00;181.5;136;
AIR;01.08.1933 00:00;29.1;17;
AIR;01.09.1933 00:00;309.9;163;
AIR;01.10.1933 00:00;202.5;93;
AIR;01.11.1933 00:00;251.7;115;
AIR;01.12.1933 00:00;68.3;59;
AIR;01.01.1934 00:00;38.6;36;
AIR;01.02.1934 00:00;69;84;
AIR;01.03.1934 00:00;191;193;
AIR;01.04.1934 00:00;265.8;176;
AIR;01.05.1934 00:00;62.6;34;
AIR;01.06.1934 00:00;114.9;66;
AIR;01.07.1934 00:00;92.4;69;
AIR;01.08.1934 00:00;327.6;187;
AIR;01.09.1934 00:00;45.1;24;
AIR;01.10.1934 00:00;86.3;40;
AIR;01.11.1934 00:00;404.7;184;
AIR;01.12.1934 00:00;141.5;123;
AIR;01.01.1935 00:00;21.8;20;
AIR;01.02.1935 00:00;188.3;230;
AIR;01.03.1935 00:00;25.3;26;
AIR;01.04.1935 00:00;135.7;90;
AIR;01.05.1935 00:00;218.4;119;
AIR;01.06.1935 00:00;204;117;
AIR;01.07.1935 00:00;77.2;58;
AIR;01.08.1935 00:00;435.7;249;
AIR;01.09.1935 00:00;133.5;70;
AIR;01.10.1935 00:00;466.3;215;
AIR;01.11.1935 00:00;410.1;187;
AIR;01.12.1935 00:00;342.3;298;
AIR;01.01.1936 00:00;217.4;203;
AIR;01.02.1936 00:00;99;121;
AIR;01.03.1936 00:00;203.1;205;
AIR;01.04.1936 00:00;195.3;129;
AIR;01.05.1936 00:00;127.3;69;
AIR;01.06.1936 00:00;109.6;63;
AIR;01.07.1936 00:00;367.8;277;
AIR;01.08.1936 00:00;45.9;26;
AIR;01.09.1936 00:00;227.4;120;
AIR;01.10.1936 00:00;43.6;20;
AIR;01.11.1936 00:00;125.5;57;
AIR;01.12.1936 00:00;166.4;145;
AIR;01.01.1937 00:00;86.1;80;
AIR;01.02.1937 00:00;194.5;237;
AIR;01.03.1937 00:00;340.7;343;
AIR;01.04.1937 00:00;92.7;61;
AIR;01.05.1937 00:00;291.3;158;
AIR;01.06.1937 00:00;113;65;
AIR;01.07.1937 00:00;94;71;
AIR;01.08.1937 00:00;90.4;52;
AIR;01.09.1937 00:00;405.1;214;
AIR;01.10.1937 00:00;432.9;199;
AIR;01.11.1937 00:00;74.7;34;
AIR;01.12.1937 00:00;107.1;93;
AIR;01.01.1938 00:00;91.2;85;
AIR;01.02.1938 00:00;21.7;26;
AIR;01.03.1938 00:00;26.5;27;
AIR;01.04.1938 00:00;30.3;20;
AIR;01.05.1938 00:00;184.5;100;
AIR;01.06.1938 00:00;266;152;
AIR;01.07.1938 00:00;313.9;236;
AIR;01.08.1938 00:00;147.6;84;
AIR;01.09.1938 00:00;181.4;96;
AIR;01.10.1938 00:00;107.7;50;
AIR;01.11.1938 00:00;129;59;
AIR;01.12.1938 00:00;114.5;100;
AIR;01.01.1939 00:00;214.8;201;
AIR;01.02.1939 00:00;84.1;103;
AIR;01.03.1939 00:00;66.6;67;
AIR;01.04.1939 00:00;383.3;253;
AIR;01.05.1939 00:00;256.6;139;
AIR;01.06.1939 00:00;215.5;123;
AIR;01.07.1939 00:00;332;250;
AIR;01.08.1939 00:00;312.3;179;
AIR;01.09.1939 00:00;110.7;58;
AIR;01.10.1939 00:00;355.6;164;
AIR;01.11.1939 00:00;235.9;108;
AIR;01.12.1939 00:00;66.7;58;
AIR;01.01.1940 00:00;40.2;38;
AIR;01.02.1940 00:00;41.2;50;
AIR;01.03.1940 00:00;176.4;178;
AIR;01.04.1940 00:00;209.5;138;
AIR;01.05.1940 00:00;123.6;67;
AIR;01.06.1940 00:00;213.4;122;
AIR;01.07.1940 00:00;261.5;197;
AIR;01.08.1940 00:00;60;34;
AIR;01.09.1940 00:00;245.9;130;
AIR;01.10.1940 00:00;239.7;110;
AIR;01.11.1940 00:00;261.1;119;
AIR;01.12.1940 00:00;110.3;96;
AIR;01.01.1941 00:00;147.9;138;
AIR;01.02.1941 00:00;73.3;89;
AIR;01.03.1941 00:00;148.9;150;
AIR;01.04.1941 00:00;293;194;
AIR;01.05.1941 00:00;271.7;148;
AIR;01.06.1941 00:00;127;73;
AIR;01.07.1941 00:00;99.8;75;
AIR;01.08.1941 00:00;224.9;129;
AIR;01.09.1941 00:00;49.3;26;
AIR;01.10.1941 00:00;99.5;46;
AIR;01.11.1941 00:00;160.8;73;
AIR;01.12.1941 00:00;13.1;11;
AIR;01.01.1942 00:00;61.5;57;
AIR;01.02.1942 00:00;38.8;47;
AIR;01.03.1942 00:00;57.5;58;
AIR;01.04.1942 00:00;82.7;55;
AIR;01.05.1942 00:00;110;60;
AIR;01.06.1942 00:00;123.9;71;
AIR;01.07.1942 00:00;82.7;62;
AIR;01.08.1942 00:00;156.7;90;
AIR;01.09.1942 00:00;487.1;257;
AIR;01.10.1942 00:00;408.8;188;
AIR;01.11.1942 00:00;73.4;33;
AIR;01.12.1942 00:00;132.1;115;
AIR;01.01.1943 00:00;102.7;96;
AIR;01.02.1943 00:00;14.4;18;
AIR;01.03.1943 00:00;89.5;90;
AIR;01.04.1943 00:00;119.9;79;
AIR;01.05.1943 00:00;142.2;77;
AIR;01.06.1943 00:00;66.2;38;
AIR;01.07.1943 00:00;121.4;91;
AIR;01.08.1943 00:00;88.2;50;
AIR;01.09.1943 00:00;385.7;203;
AIR;01.10.1943 00:00;128;59;
AIR;01.11.1943 00:00;74;34;
AIR;01.12.1943 00:00;69.6;61;
AIR;01.01.1944 00:00;34.5;32;
AIR;01.02.1944 00:00;82.1;100;
AIR;01.03.1944 00:00;21.8;22;
AIR;01.04.1944 00:00;86.7;57;
AIR;01.05.1944 00:00;86.5;47;
AIR;01.06.1944 00:00;93.7;54;
AIR;01.07.1944 00:00;189.2;142;
AIR;01.08.1944 00:00;128.4;73;
AIR;01.09.1944 00:00;169.9;90;
AIR;01.10.1944 00:00;320.9;148;
AIR;01.11.1944 00:00;186.1;85;
AIR;01.12.1944 00:00;84;73;
AIR;01.01.1945 00:00;64;60;
AIR;01.02.1945 00:00;68.3;83;
AIR;01.03.1945 00:00;61.1;62;
AIR;01.04.1945 00:00;42;28;
AIR;01.05.1945 00:00;187.7;102;
AIR;01.06.1945 00:00;54.9;31;
AIR;01.07.1945 00:00;59;44;
AIR;01.08.1945 00:00;310.4;178;
AIR;01.09.1945 00:00;66.4;35;
AIR;01.10.1945 00:00;250.5;115;
AIR;01.11.1945 00:00;57;26;
AIR;01.12.1945 00:00;178.6;155;
AIR;01.01.1946 00:00;196.9;184;
AIR;01.02.1946 00:00;149.1;182;
AIR;01.03.1946 00:00;185.6;187;
AIR;01.04.1946 00:00;91.2;60;
AIR;01.05.1946 00:00;328.5;179;
AIR;01.06.1946 00:00;299.2;171;
AIR;01.07.1946 00:00;111.5;84;
AIR;01.08.1946 00:00;332.6;190;
AIR;01.09.1946 00:00;173.1;91;
AIR;01.10.1946 00:00;45.9;21;
AIR;01.11.1946 00:00;88.3;40;
AIR;01.12.1946 00:00;13.9;12;
AIR;01.01.1947 00:00;57.8;54;
AIR;01.02.1947 00:00;114.2;139;
AIR;01.03.1947 00:00;274.5;277;
AIR;01.04.1947 00:00;74.4;49;
AIR;01.05.1947 00:00;204.8;111;
AIR;01.06.1947 00:00;147.3;84;
AIR;01.07.1947 00:00;132.4;100;
AIR;01.08.1947 00:00;113.9;65;
AIR;01.09.1947 00:00;184.6;97;
AIR;01.10.1947 00:00;71.1;33;
AIR;01.11.1947 00:00;190.8;87;
AIR;01.12.1947 00:00;131.5;114;
AIR;01.01.1948 00:00;232;217;
AIR;01.02.1948 00:00;104;127;
AIR;01.03.1948 00:00;20.2;20;
AIR;01.04.1948 00:00;180.1;119;
AIR;01.05.1948 00:00;200.4;109;
AIR;01.06.1948 00:00;176.8;101;
AIR;01.07.1948 00:00;120.6;91;
AIR;01.08.1948 00:00;279;160;
AIR;01.09.1948 00:00;298.2;157;
AIR;01.10.1948 00:00;150.5;69;
AIR;01.11.1948 00:00;20.1;9;
AIR;01.12.1948 00:00;43.5;38;
AIR;01.01.1949 00:00;104.9;98;
AIR;01.02.1949 00:00;1.7;2;
AIR;01.03.1949 00:00;27.9;28;
AIR;01.04.1949 00:00;152.2;101;
AIR;01.05.1949 00:00;318.1;173;
AIR;01.06.1949 00:00;44.7;26;
AIR;01.07.1949 00:00;38.5;29;
AIR;01.08.1949 00:00;104.5;60;
AIR;01.09.1949 00:00;85.2;45;
AIR;01.10.1949 00:00;122.3;56;
AIR;01.11.1949 00:00;192.5;88;
AIR;01.12.1949 00:00;115.6;101;
AIR;01.01.1950 00:00;62.5;58;
AIR;01.02.1950 00:00;201.5;246;
AIR;01.03.1950 00:00;14.8;15;
AIR;01.04.1950 00:00;165.2;109;
AIR;01.05.1950 00:00;343.9;187;
AIR;01.06.1950 00:00;104.6;60;
AIR;01.07.1950 00:00;113.3;85;
AIR;01.08.1950 00:00;356.2;204;
AIR;01.09.1950 00:00;156.4;82;
AIR;01.10.1950 00:00;6;3;
AIR;01.11.1950 00:00;382.6;174;
AIR;01.12.1950 00:00;123.7;108;
AIR;01.01.1951 00:00;217;203;
AIR;01.02.1951 00:00;333.8;408;
AIR;01.03.1951 00:00;140;141;
AIR;01.04.1951 00:00;170.6;113;
AIR;01.05.1951 00:00;201.1;109;
AIR;01.06.1951 00:00;202.2;115;
AIR;01.07.1951 00:00;58.7;44;
AIR;01.08.1951 00:00;355.2;203;
AIR;01.09.1951 00:00;46.2;24;
AIR;01.10.1951 00:00;203.5;94;
AIR;01.11.1951 00:00;765.9;349;
AIR;01.12.1951 00:00;16.9;15;
AIR;01.01.1952 00:00;93.4;87;
AIR;01.02.1952 00:00;44.7;55;
AIR;01.03.1952 00:00;97.7;98;
AIR;01.04.1952 00:00;229.4;152;
AIR;01.05.1952 00:00;213.4;116;
AIR;01.06.1952 00:00;178.2;102;
AIR;01.07.1952 00:00;53.1;40;
AIR;01.08.1952 00:00;205.5;118;
AIR;01.09.1952 00:00;247.4;130;
AIR;01.10.1952 00:00;180.8;83;
AIR;01.11.1952 00:00;194.6;89;
AIR;01.12.1952 00:00;108.8;95;
AIR;01.01.1953 00:00;13.2;12;
AIR;01.02.1953 00:00;15.2;19;
AIR;01.03.1953 00:00;5.6;6;
AIR;01.04.1953 00:00;217.8;144;
AIR;01.05.1953 00:00;23.7;13;
AIR;01.06.1953 00:00;277.4;158;
AIR;01.07.1953 00:00;163.7;123;
AIR;01.08.1953 00:00;62.6;36;
AIR;01.09.1953 00:00;338.2;178;
AIR;01.10.1953 00:00;395;182;
AIR;01.11.1953 00:00;20.3;9;
AIR;01.12.1953 00:00;26.6;23;
AIR;01.01.1954 00:00;69.6;65;
AIR;01.02.1954 00:00;78.7;96;
AIR;01.03.1954 00:00;91.2;92;
AIR;01.04.1954 00:00;151.6;100;
AIR;01.05.1954 00:00;153.6;83;
AIR;01.06.1954 00:00;291.4;166;
AIR;01.07.1954 00:00;102;77;
AIR;01.08.1954 00:00;546.4;313;
AIR;01.09.1954 00:00;186.1;98;
AIR;01.10.1954 00:00;64.4;30;
AIR;01.11.1954 00:00;119.6;55;
AIR;01.12.1954 00:00;388.7;338;
AIR;01.01.1955 00:00;206.6;193;
AIR;01.02.1955 00:00;211.3;258;
AIR;01.03.1955 00:00;42.6;43;
AIR;01.04.1955 00:00;10;7;
AIR;01.05.1955 00:00;132.8;72;
AIR;01.06.1955 00:00;271.2;155;
AIR;01.07.1955 00:00;155.8;117;
AIR;01.08.1955 00:00;59.7;34;
AIR;01.09.1955 00:00;65.8;35;
AIR;01.10.1955 00:00;201.2;93;
AIR;01.11.1955 00:00;47.9;22;
AIR;01.12.1955 00:00;67.9;59;
AIR;01.01.1956 00:00;117.6;110;
AIR;01.02.1956 00:00;12.5;15;
AIR;01.03.1956 00:00;283.6;286;
AIR;01.04.1956 00:00;215.7;142;
AIR;01.05.1956 00:00;106.6;58;
AIR;01.06.1956 00:00;134.4;77;
AIR;01.07.1956 00:00;233.6;176;
AIR;01.08.1956 00:00;451;258;
AIR;01.09.1956 00:00;250.6;132;
AIR;01.10.1956 00:00;81.4;37;
AIR;01.11.1956 00:00;38;17;
AIR;01.12.1956 00:00;7.4;6;
AIR;01.01.1957 00:00;74.4;70;
AIR;01.02.1957 00:00;184.5;225;
AIR;01.03.1957 00:00;111.4;112;
AIR;01.04.1957 00:00;35.5;23;
AIR;01.05.1957 00:00;111.2;60;
AIR;01.06.1957 00:00;385.1;220;
AIR;01.07.1957 00:00;115.3;87;
AIR;01.08.1957 00:00;269.2;154;
AIR;01.09.1957 00:00;37.3;20;
AIR;01.10.1957 00:00;42.3;19;
AIR;01.11.1957 00:00;266.1;121;
AIR;01.12.1957 00:00;185.4;161;
AIR;01.01.1958 00:00;89.9;84;
AIR;01.02.1958 00:00;190;232;
AIR;01.03.1958 00:00;71.4;72;
AIR;01.04.1958 00:00;146.2;97;
AIR;01.05.1958 00:00;384.1;209;
AIR;01.06.1958 00:00;143.6;82;
AIR;01.07.1958 00:00;232.8;175;
AIR;01.08.1958 00:00;422.4;242;
AIR;01.09.1958 00:00;140.7;74;
AIR;01.10.1958 00:00;261.3;120;
AIR;01.11.1958 00:00;101;46;
AIR;01.12.1958 00:00;216.7;189;
AIR;01.01.1959 00:00;110.6;103;15
AIR;01.02.1959 00:00;12.1;15;4
AIR;01.03.1959 00:00;157.9;159;13
AIR;01.04.1959 00:00;179.8;119;12
AIR;01.05.1959 00:00;25.5;14;6
AIR;01.06.1959 00:00;65.2;37;9
AIR;01.07.1959 00:00;94.1;71;10
AIR;01.08.1959 00:00;87.5;50;10
AIR;01.09.1959 00:00;33.8;18;6
AIR;01.10.1959 00:00;213.4;98;7
AIR;01.11.1959 00:00;281.2;128;12
AIR;01.12.1959 00:00;192.3;167;17
AIR;01.01.1960 00:00;141.5;132;10
AIR;01.02.1960 00:00;74.1;90;9
AIR;01.03.1960 00:00;103.1;104;15
AIR;01.04.1960 00:00;47.3;31;3
AIR;01.05.1960 00:00;263.7;143;8
AIR;01.06.1960 00:00;163.8;94;14
AIR;01.07.1960 00:00;228.8;172;10
AIR;01.08.1960 00:00;231.6;132;12
AIR;01.09.1960 00:00;319.4;168;14
AIR;01.10.1960 00:00;520.2;240;18
AIR;01.11.1960 00:00;161.3;74;11
AIR;01.12.1960 00:00;199.6;174;10
AIR;01.01.1961 00:00;53.3;50;6
AIR;01.02.1961 00:00;158.5;194;12
AIR;01.03.1961 00:00;10.1;10;2
AIR;01.04.1961 00:00;168.5;111;14
AIR;01.05.1961 00:00;110.4;60;9
AIR;01.06.1961 00:00;149.9;86;10
AIR;01.07.1961 00:00;101.7;76;9
AIR;01.08.1961 00:00;180.8;103;11
AIR;01.09.1961 00:00;43.8;23;5
AIR;01.10.1961 00:00;262.8;121;10
AIR;01.11.1961 00:00;173.9;79;8
AIR;01.12.1961 00:00;110.5;96;10
AIR;01.01.1962 00:00;94;88;12
AIR;01.02.1962 00:00;83.5;102;9
AIR;01.03.1962 00:00;70.1;71;10
AIR;01.04.1962 00:00;166.2;110;12
AIR;01.05.1962 00:00;165.9;90;13
AIR;01.06.1962 00:00;45.6;26;2
AIR;01.07.1962 00:00;25.7;19;6
AIR;01.08.1962 00:00;128.1;73;6
AIR;01.09.1962 00:00;72.5;38;7
AIR;01.10.1962 00:00;20.6;9;5
AIR;01.11.1962 00:00;195.7;89;12
AIR;01.12.1962 00:00;139.6;121;11
AIR;01.01.1963 00:00;60.3;56;9
AIR;01.02.1963 00:00;21.4;26;5
AIR;01.03.1963 00:00;88.8;90;10
AIR;01.04.1963 00:00;174.7;115;11
AIR;01.05.1963 00:00;108.1;59;10
AIR;01.06.1963 00:00;270.6;155;19
AIR;01.07.1963 00:00;100.4;75;12
AIR;01.08.1963 00:00;208.9;120;14
AIR;01.09.1963 00:00;218.9;115;9
AIR;01.10.1963 00:00;148.2;68;6
AIR;01.11.1963 00:00;514.6;235;15
AIR;01.12.1963 00:00;23.7;21;5
AIR;01.01.1964 00:00;66.3;62;4
AIR;01.02.1964 00:00;50.2;61;7
AIR;01.03.1964 00:00;101.8;103;17
AIR;01.04.1964 00:00;248.6;164;13
AIR;01.05.1964 00:00;61.6;33;10
AIR;01.06.1964 00:00;203.4;116;12
AIR;01.07.1964 00:00;45.9;35;9
AIR;01.08.1964 00:00;108.3;62;9
AIR;01.09.1964 00:00;53.4;28;4
AIR;01.10.1964 00:00;166.4;77;14
AIR;01.11.1964 00:00;148.2;68;13
AIR;01.12.1964 00:00;71.3;62;11
AIR;01.01.1965 00:00;74.1;69;11
AIR;01.02.1965 00:00;6.2;8;2
AIR;01.03.1965 00:00;88.8;90;12
AIR;01.04.1965 00:00;30.1;20;5
AIR;01.05.1965 00:00;200.2;109;10
AIR;01.06.1965 00:00;136.3;78;14
AIR;01.07.1965 00:00;160.1;120;14
AIR;01.08.1965 00:00;257.6;147;12
AIR;01.09.1965 00:00;588;310;15
AIR;01.10.1965 00:00;52.4;24;4
AIR;01.11.1965 00:00;117;53;15
AIR;01.12.1965 00:00;140.6;122;17
AIR;01.01.1966 00:00;35.5;33;5
AIR;01.02.1966 00:00;194.1;237;12
AIR;01.03.1966 00:00;24.4;25;5
AIR;01.04.1966 00:00;169;112;12
AIR;01.05.1966 00:00;141.1;77;9
AIR;01.06.1966 00:00;93.4;53;10
AIR;01.07.1966 00:00;142.1;107;8
AIR;01.08.1966 00:00;170.2;97;13
AIR;01.09.1966 00:00;39.9;21;7
AIR;01.10.1966 00:00;420.3;194;19
AIR;01.11.1966 00:00;280;128;12
AIR;01.12.1966 00:00;87.9;77;11
AIR;01.01.1967 00:00;15.6;15;6
AIR;01.02.1967 00:00;109.8;134;11
AIR;01.03.1967 00:00;210.5;212;15
AIR;01.04.1967 00:00;118.9;79;8
AIR;01.05.1967 00:00;316.8;172;16
AIR;01.06.1967 00:00;102.7;59;9
AIR;01.07.1967 00:00;75.6;57;11
AIR;01.08.1967 00:00;124.4;71;9
AIR;01.09.1967 00:00;238.3;126;14
AIR;01.10.1967 00:00;111.5;51;8
AIR;01.11.1967 00:00;204.3;93;10
AIR;01.12.1967 00:00;17.7;15;5
AIR;01.01.1968 00:00;153.2;143;13
AIR;01.02.1968 00:00;190.8;233;14
AIR;01.03.1968 00:00;74.1;75;6
AIR;01.04.1968 00:00;218;144;14
AIR;01.05.1968 00:00;316.7;172;18
AIR;01.06.1968 00:00;73.7;42;8
AIR;01.07.1968 00:00;128.9;97;10
AIR;01.08.1968 00:00;191.4;109;13
AIR;01.09.1968 00:00;288;152;14
AIR;01.10.1968 00:00;78.5;36;3
AIR;01.11.1968 00:00;435.8;199;13
AIR;01.12.1968 00:00;87;76;9
AIR;01.01.1969 00:00;74.9;70;6
AIR;01.02.1969 00:00;72.8;89;13
AIR;01.03.1969 00:00;42.7;43;7
AIR;01.04.1969 00:00;62.5;41;15
AIR;01.05.1969 00:00;386.5;210;14
AIR;01.06.1969 00:00;246.3;141;10
AIR;01.07.1969 00:00;61;46;8
AIR;01.08.1969 00:00;99.9;57;13
AIR;01.09.1969 00:00;103.3;54;15
AIR;01.10.1969 00:00;0.3;0;0
AIR;01.11.1969 00:00;218.4;100;15
AIR;01.12.1969 00:00;53.9;47;9
AIR;01.01.1970 00:00;135.2;126;9
AIR;01.02.1970 00:00;236.7;289;14
AIR;01.03.1970 00:00;96.1;97;13
AIR;01.04.1970 00:00;207.4;137;11
AIR;01.05.1970 00:00;89.8;49;10
AIR;01.06.1970 00:00;144.3;82;11
AIR;01.07.1970 00:00;69.8;52;10
AIR;01.08.1970 00:00;141.5;81;11
AIR;01.09.1970 00:00;113.8;60;7
AIR;01.10.1970 00:00;269.7;124;11
AIR;01.11.1970 00:00;188.3;86;10
AIR;01.12.1970 00:00;79;69;5
AIR;01.01.1971 00:00;109.9;103;11
AIR;01.02.1971 00:00;22.2;27;4
AIR;01.03.1971 00:00;180.6;182;5
AIR;01.04.1971 00:00;159.5;105;10
AIR;01.05.1971 00:00;218.9;119;18
AIR;01.06.1971 00:00;211.7;121;17
AIR;01.07.1971 00:00;70.1;53;5
AIR;01.08.1971 00:00;138.4;79;13
AIR;01.09.1971 00:00;26.4;14;4
AIR;01.10.1971 00:00;15.2;7;2
AIR;01.11.1971 00:00;282.9;129;12
AIR;01.12.1971 00:00;82;71;6
AIR;01.01.1972 00:00;66.4;62;12
AIR;01.02.1972 00:00;181.1;221;16
AIR;01.03.1972 00:00;168.5;170;13
AIR;01.04.1972 00:00;165.6;109;11
AIR;01.05.1972 00:00;109.4;59;14
AIR;01.06.1972 00:00;301.1;172;15
AIR;01.07.1972 00:00;111.1;84;12
AIR;01.08.1972 00:00;80.1;46;10
AIR;01.09.1972 00:00;146.7;77;12
AIR;01.10.1972 00:00;99.1;46;9
AIR;01.11.1972 00:00;153;70;10
AIR;01.12.1972 00:00;109.6;95;10
AIR;01.01.1973 00:00;50;47;8
AIR;01.02.1973 00:00;28.6;35;5
AIR;01.03.1973 00:00;5.5;6;1
AIR;01.04.1973 00:00;92;61;8
AIR;01.05.1973 00:00;207.1;113;17
AIR;01.06.1973 00:00;191.9;110;13
AIR;01.07.1973 00:00;282.5;212;13
AIR;01.08.1973 00:00;101.8;58;9
AIR;01.09.1973 00:00;105.1;55;6
AIR;01.10.1973 00:00;128.5;59;8
AIR;01.11.1973 00:00;72.7;33;7
AIR;01.12.1973 00:00;271.3;236;12
AIR;01.01.1974 00:00;54;50;7
AIR;01.02.1974 00:00;228;278;17
AIR;01.03.1974 00:00;155.9;157;13
AIR;01.04.1974 00:00;64.1;42;9
AIR;01.05.1974 00:00;65.5;36;10
AIR;01.06.1974 00:00;136.2;78;10
AIR;01.07.1974 00:00;152.4;115;8
AIR;01.08.1974 00:00;163.9;94;9
AIR;01.09.1974 00:00;175.5;93;11
AIR;01.10.1974 00:00;103.4;48;9
AIR;01.11.1974 00:00;296.5;135;16
AIR;01.12.1974 00:00;63.4;55;9
AIR;01.01.1975 00:00;193.2;181;10
AIR;01.02.1975 00:00;27.3;33;5
AIR;01.03.1975 00:00;184.6;186;17
AIR;01.04.1975 00:00;226.1;149;11
AIR;01.05.1975 00:00;208.8;113;16
AIR;01.06.1975 00:00;90.4;52;11
AIR;01.07.1975 00:00;83.3;63;9
AIR;01.08.1975 00:00;95.1;54;10
AIR;01.09.1975 00:00;479.1;253;15
AIR;01.10.1975 00:00;80.2;37;7
AIR;01.11.1975 00:00;179;82;16
AIR;01.12.1975 00:00;16.1;14;5
AIR;01.01.1976 00:00;18.1;17;3
AIR;01.02.1976 00:00;36.1;44;9
AIR;01.03.1976 00:00;15.7;16;3
AIR;01.04.1976 00:00;117.4;78;4
AIR;01.05.1976 00:00;29.9;16;5
AIR;01.06.1976 00:00;67;38;8
AIR;01.07.1976 00:00;74.2;56;10
AIR;01.08.1976 00:00;193.1;110;9
AIR;01.09.1976 00:00;416.5;220;11
AIR;01.10.1976 00:00;649.9;299;17
AIR;01.11.1976 00:00;291.9;133;11
AIR;01.12.1976 00:00;78.8;69;8
AIR;01.01.1977 00:00;153.6;144;11
AIR;01.02.1977 00:00;190;232;14
AIR;01.03.1977 00:00;194.7;196;12
AIR;01.04.1977 00:00;307.7;203;15
AIR;01.05.1977 00:00;308.6;168;16
AIR;01.06.1977 00:00;198.1;113;14
AIR;01.07.1977 00:00;245.1;184;10
AIR;01.08.1977 00:00;391.7;224;18
AIR;01.09.1977 00:00;10.2;5;5
AIR;01.10.1977 00:00;501.4;231;14
AIR;01.11.1977 00:00;118.1;54;10
AIR;01.12.1977 00:00;101.7;89;5
AIR;01.01.1978 00:00;202.6;189;16
AIR;01.02.1978 00:00;275.1;336;15
AIR;01.03.1978 00:00;203.1;205;16
AIR;01.04.1978 00:00;169.7;112;17
AIR;01.05.1978 00:00;159.9;87;14
AIR;01.06.1978 00:00;143.7;82;10
AIR;01.07.1978 00:00;176.8;133;13
AIR;01.08.1978 00:00;211.3;121;7
AIR;01.09.1978 00:00;13.4;7;5
AIR;01.10.1978 00:00;89.1;41;4
AIR;01.11.1978 00:00;1.3;1;1
AIR;01.12.1978 00:00;140.6;122;13
AIR;01.01.1979 00:00;121.2;113;11
AIR;01.02.1979 00:00;77.4;95;11
AIR;01.03.1979 00:00;356.1;359;19
AIR;01.04.1979 00:00;83;55;7
AIR;01.05.1979 00:00;154.7;84;10
AIR;01.06.1979 00:00;89.4;51;12
AIR;01.07.1979 00:00;103;77;7
AIR;01.08.1979 00:00;108;62;13
AIR;01.09.1979 00:00;84.3;44;7
AIR;01.10.1979 00:00;645.1;297;15
AIR;01.11.1979 00:00;130.3;59;7
AIR;01.12.1979 00:00;209.4;182;16
AIR;01.01.1980 00:00;77.6;73;15
AIR;01.02.1980 00:00;80.1;98;5
AIR;01.03.1980 00:00;132.1;133;14
AIR;01.04.1980 00:00;3.4;2;1
AIR;01.05.1980 00:00;132;72;15
AIR;01.06.1980 00:00;237.3;136;14
AIR;01.07.1980 00:00;331.7;249;11
AIR;01.08.1980 00:00;87.1;50;7
AIR;01.09.1980 00:00;14.4;8;4
AIR;01.10.1980 00:00;314.7;145;7
AIR;01.11.1980 00:00;42.6;19;9
AIR;01.12.1980 00:00;23.9;21;5
AIR;01.01.1981 00:00;102.3;96;11
AIR;01.02.1981 00:00;17.8;22;3
AIR;01.03.1981 00:00;260.5;263;12
AIR;01.04.1981 00:00;76.6;51;8
AIR;01.05.1981 00:00;301.9;164;14
AIR;01.06.1981 00:00;194.8;111;10
AIR;01.07.1981 00:00;367;276;9
AIR;01.08.1981 00:00;85.6;49;7
AIR;01.09.1981 00:00;553;292;16
AIR;01.10.1981 00:00;214.2;99;14
AIR;01.11.1981 00:00;35.1;16;4
AIR;01.12.1981 00:00;313.3;273;20
AIR;01.01.1982 00:00;117.5;110;8
AIR;01.02.1982 00:00;40.9;50;8
AIR;01.03.1982 00:00;130.8;132;14
AIR;01.04.1982 00:00;8.6;6;2
AIR;01.05.1982 00:00;137.8;75;10
AIR;01.06.1982 00:00;101.2;58;12
AIR;01.07.1982 00:00;155.3;117;9
AIR;01.08.1982 00:00;229.4;131;15
AIR;01.09.1982 00:00;358.3;189;10
AIR;01.10.1982 00:00;185.8;86;12
AIR;01.11.1982 00:00;262.9;120;12
AIR;01.12.1982 00:00;98.9;86;8
AIR;01.01.1983 00:00;93.4;87;6
AIR;01.02.1983 00:00;51.9;63;8
AIR;01.03.1983 00:00;72.1;73;8
AIR;01.04.1983 00:00;439.2;290;21
AIR;01.05.1983 00:00;730.5;397;17
AIR;01.06.1983 00:00;42.7;24;6
AIR;01.07.1983 00:00;28.1;21;6
AIR;01.08.1983 00:00;112.5;64;12
AIR;01.09.1983 00:00;261.1;138;8
AIR;01.10.1983 00:00;71.2;33;7
AIR;01.11.1983 00:00;124.5;57;8
AIR;01.12.1983 00:00;174;151;10
AIR;01.01.1984 00:00;110;103;12
AIR;01.02.1984 00:00;132.9;162;12
AIR;01.03.1984 00:00;105;106;6
AIR;01.04.1984 00:00;53.5;35;7
AIR;01.05.1984 00:00;380.7;207;20
AIR;01.06.1984 00:00;133.7;76;8
AIR;01.07.1984 00:00;31.1;23;5
AIR;01.08.1984 00:00;166.9;95;8
AIR;01.09.1984 00:00;301.9;159;14
AIR;01.10.1984 00:00;315.2;145;11
AIR;01.11.1984 00:00;142.9;65;13
AIR;01.12.1984 00:00;123;107;8
AIR;01.01.1985 00:00;164.8;154;11
AIR;01.02.1985 00:00;51.9;63;8
AIR;01.03.1985 00:00;231.2;233;12
AIR;01.04.1985 00:00;92.8;61;9
AIR;01.05.1985 00:00;327.1;178;14
AIR;01.06.1985 00:00;126.6;72;12
AIR;01.07.1985 00:00;148.4;112;9
AIR;01.08.1985 00:00;182.6;104;9
AIR;01.09.1985 00:00;40.7;21;2
AIR;01.10.1985 00:00;30.2;14;3
AIR;01.11.1985 00:00;79.5;36;11
AIR;01.12.1985 00:00;54.2;47;7
AIR;01.01.1986 00:00;216.3;202;16
AIR;01.02.1986 00:00;56.1;68;8
AIR;01.03.1986 00:00;76.2;77;9
AIR;01.04.1986 00:00;876;579;21
AIR;01.05.1986 00:00;182.2;99;14
AIR;01.06.1986 00:00;91.8;52;9
AIR;01.07.1986 00:00;136.6;103;7
AIR;01.08.1986 00:00;167.4;96;13
AIR;01.09.1986 00:00;70.3;37;10
AIR;01.10.1986 00:00;39.6;18;4
AIR;01.11.1986 00:00;82.5;38;6
AIR;01.12.1986 00:00;124.5;108;11
AIR;01.01.1987 00:00;56.3;53;9
AIR;01.02.1987 00:00;205;250;11
AIR;01.03.1987 00:00;72.2;73;10
AIR;01.04.1987 00:00;174.9;116;5
AIR;01.05.1987 00:00;118.1;64;10
AIR;01.06.1987 00:00;417.9;239;13
AIR;01.07.1987 00:00;316.1;238;17
AIR;01.08.1987 00:00;403.2;231;11
AIR;01.09.1987 00:00;138;73;7
AIR;01.10.1987 00:00;560.1;258;19
AIR;01.11.1987 00:00;131.5;60;10
AIR;01.12.1987 00:00;26;23;5
AIR;01.01.1988 00:00;194.7;182;15
AIR;01.02.1988 00:00;116.1;142;11
AIR;01.03.1988 00:00;167.1;168;15
AIR;01.04.1988 00:00;74.8;49;10
AIR;01.05.1988 00:00;326.3;177;20
AIR;01.06.1988 00:00;108.1;62;10
AIR;01.07.1988 00:00;371.8;280;12
AIR;01.08.1988 00:00;116.1;66;12
AIR;01.09.1988 00:00;159.5;84;6
AIR;01.10.1988 00:00;553.6;255;15
AIR;01.11.1988 00:00;25.5;12;3
AIR;01.12.1988 00:00;125.9;110;6
AIR;01.01.1989 00:00;0.3;0;0
AIR;01.02.1989 00:00;157.9;193;9
AIR;01.03.1989 00:00;46.5;47;6
AIR;01.04.1989 00:00;483.9;320;19
AIR;01.05.1989 00:00;50.3;27;7
AIR;01.06.1989 00:00;37.8;22;4
AIR;01.07.1989 00:00;101.1;76;12
AIR;01.08.1989 00:00;60;34;9
AIR;01.09.1989 00:00;36.4;19;5
AIR;01.10.1989 00:00;43.4;20;4
AIR;01.11.1989 00:00;174.1;79;5
AIR;01.12.1989 00:00;209.5;182;10
AIR;01.01.1990 00:00;77.3;72;8
AIR;01.02.1990 00:00;234.1;286;13
AIR;01.03.1990 00:00;5.1;5;3
AIR;01.04.1990 00:00;114.2;75;14
AIR;01.05.1990 00:00;71.6;39;11
AIR;01.06.1990 00:00;301.3;172;19
AIR;01.07.1990 00:00;69.4;52;5
AIR;01.08.1990 00:00;66;38;6
AIR;01.09.1990 00:00;41.8;22;5
AIR;01.10.1990 00:00;337.1;155;17
AIR;01.11.1990 00:00;277.5;126;11
AIR;01.12.1990 00:00;102.7;89;8
AIR;01.01.1991 00:00;54.1;51;10
AIR;01.02.1991 00:00;53.2;65;6
AIR;01.03.1991 00:00;332.5;335;13
AIR;01.04.1991 00:00;107.5;71;7
AIR;01.05.1991 00:00;12.9;7;3
AIR;01.06.1991 00:00;271.8;155;12
AIR;01.07.1991 00:00;89.5;67;9
AIR;01.08.1991 00:00;45.7;26;3
AIR;01.09.1991 00:00;462.9;244;8
AIR;01.10.1991 00:00;190.3;88;10
AIR;01.11.1991 00:00;91.9;42;5
AIR;01.12.1991 00:00;204.7;178;4
AIR;01.01.1992 00:00;45.9;43;5
AIR;01.02.1992 00:00;66.6;81;6
AIR;01.03.1992 00:00;168;169;9
AIR;01.04.1992 00:00;116.8;77;9
AIR;01.05.1992 00:00;87.1;47;9
AIR;01.06.1992 00:00;320.1;183;13
AIR;01.07.1992 00:00;87.9;66;9
AIR;01.08.1992 00:00;335.5;192;10
AIR;01.09.1992 00:00;269.2;142;10
AIR;01.10.1992 00:00;169.5;78;16
AIR;01.11.1992 00:00;101.4;46;12
AIR;01.12.1992 00:00;85.9;75;4
AIR;01.01.1993 00:00;34.3;32;6
AIR;01.02.1993 00:00;46.4;57;6
AIR;01.03.1993 00:00;17.8;18;4
AIR;01.04.1993 00:00;169.3;112;14
AIR;01.05.1993 00:00;176.8;96;13
AIR;01.06.1993 00:00;250.6;143;12
AIR;01.07.1993 00:00;201;151;13
AIR;01.08.1993 00:00;143.8;82;11
AIR;01.09.1993 00:00;713;376;17
AIR;01.10.1993 00:00;783.3;361;16
AIR;01.11.1993 00:00;72;33;8
AIR;01.12.1993 00:00;116.8;102;13
AIR;01.01.1994 00:00;326.9;306;15
AIR;01.02.1994 00:00;129.6;158;8
AIR;01.03.1994 00:00;16.1;16;3
AIR;01.04.1994 00:00;72.8;48;9
AIR;01.05.1994 00:00;262.3;143;19
AIR;01.06.1994 00:00;61.6;35;10
AIR;01.07.1994 00:00;40.9;31;9
AIR;01.08.1994 00:00;120.5;69;9
AIR;01.09.1994 00:00;430.9;227;14
AIR;01.10.1994 00:00;105;48;9
AIR;01.11.1994 00:00;201.1;92;10
AIR;01.12.1994 00:00;57.8;50;5
AIR;01.01.1995 00:00;178.3;167;14
AIR;01.02.1995 00:00;108.1;132;8
AIR;01.03.1995 00:00;61.7;62;6
AIR;01.04.1995 00:00;327.6;216;8
AIR;01.05.1995 00:00;153.9;84;11
AIR;01.06.1995 00:00;81.7;47;8
AIR;01.07.1995 00:00;74.2;56;5
AIR;01.08.1995 00:00;101.9;58;12
AIR;01.09.1995 00:00;271.4;143;12
AIR;01.10.1995 00:00;57.4;26;3
AIR;01.11.1995 00:00;135.2;62;9
AIR;01.12.1995 00:00;77.4;67;14
AIR;01.01.1996 00:00;207.7;194;11
AIR;01.02.1996 00:00;67.2;82;6
AIR;01.03.1996 00:00;26.5;27;5
AIR;01.04.1996 00:00;21.9;14;4
AIR;01.05.1996 00:00;489.6;266;16
AIR;01.06.1996 00:00;56.6;32;4
AIR;01.07.1996 00:00;256.3;193;12
AIR;01.08.1996 00:00;234.9;134;15
AIR;01.09.1996 00:00;32.5;17;4
AIR;01.10.1996 00:00;134.7;62;9
AIR;01.11.1996 00:00;557.2;254;20
AIR;01.12.1996 00:00;67.9;59;12
AIR;01.01.1997 00:00;101.7;95;13
AIR;01.02.1997 00:00;47;57;8
AIR;01.03.1997 00:00;19.2;19;4
AIR;01.04.1997 00:00;50.9;34;4
AIR;01.05.1997 00:00;170.9;93;14
AIR;01.06.1997 00:00;475.8;272;18
AIR;01.07.1997 00:00;182.9;138;12
AIR;01.08.1997 00:00;167.7;96;8
AIR;01.09.1997 00:00;11.7;6;4
AIR;01.10.1997 00:00;89.7;41;5
AIR;01.11.1997 00:00;324.7;148;12
AIR;01.12.1997 00:00;141.6;123;11
AIR;01.01.1998 00:00;88;82;12
AIR;01.02.1998 00:00;15.2;19;1
AIR;01.03.1998 00:00;18.4;19;5
AIR;01.04.1998 00:00;469.3;310;17
AIR;01.05.1998 00:00;130.7;71;8
AIR;01.06.1998 00:00;206.5;118;12
AIR;01.07.1998 00:00;127;95;9
AIR;01.08.1998 00:00;104.8;60;7
AIR;01.09.1998 00:00;374.7;198;10
AIR;01.10.1998 00:00;203.1;94;16
AIR;01.11.1998 00:00;57;26;6
AIR;01.12.1998 00:00;32.5;28;5
AIR;01.01.1999 00:00;178;166;9
AIR;01.02.1999 00:00;175.5;214;11
AIR;01.03.1999 00:00;164.9;166;9
AIR;01.04.1999 00:00;138;91;9
AIR;01.05.1999 00:00;209.5;114;13
AIR;01.06.1999 00:00;344.4;197;12
AIR;01.07.1999 00:00;120.8;91;10
AIR;01.08.1999 00:00;192.5;110;19
AIR;01.09.1999 00:00;360.7;190;13
AIR;01.10.1999 00:00;337.1;155;11
AIR;01.11.1999 00:00;93.2;42;7
AIR;01.12.1999 00:00;137.5;120;12
AIR;01.01.2000 00:00;78.1;73;2
AIR;01.02.2000 00:00;78.6;96;7
AIR;01.03.2000 00:00;92.9;94;10
AIR;01.04.2000 00:00;366.3;242;17
AIR;01.05.2000 00:00;113.4;62;15
AIR;01.06.2000 00:00;62.1;35;9
AIR;01.07.2000 00:00;199.6;150;12
AIR;01.08.2000 00:00;115.6;66;11
AIR;01.09.2000 00:00;307;162;7
AIR;01.10.2000 00:00;688.6;317;14
AIR;01.11.2000 00:00;498.2;227;17
AIR;01.12.2000 00:00;135.3;118;13
AIR;01.01.2001 00:00;106;99;15
AIR;01.02.2001 00:00;134.6;164;11
AIR;01.03.2001 00:00;227.1;229;19
AIR;01.04.2001 00:00;94.5;62;6
AIR;01.05.2001 00:00;233.9;127;13
AIR;01.06.2001 00:00;218.8;125;11
AIR;01.07.2001 00:00;275.1;207;9
AIR;01.08.2001 00:00;211.3;121;13
AIR;01.09.2001 00:00;129.2;68;14
AIR;01.10.2001 00:00;173.4;80;8
AIR;01.11.2001 00:00;17.1;8;5
AIR;01.12.2001 00:00;40.7;35;1
AIR;01.01.2002 00:00;18.6;17;3
AIR;01.02.2002 00:00;119.8;146;10
AIR;01.03.2002 00:00;100.7;102;7
AIR;01.04.2002 00:00;48.2;32;7
AIR;01.05.2002 00:00;594.3;323;15
AIR;01.06.2002 00:00;197.6;113;7
AIR;01.07.2002 00:00;187.6;141;15
AIR;01.08.2002 00:00;135.5;78;15
AIR;01.09.2002 00:00;41.7;22;6
AIR;01.10.2002 00:00;108.1;50;9
AIR;01.11.2002 00:00;858;391;23
AIR;01.12.2002 00:00;48.4;42;8
AIR;01.01.2003 00:00;53.2;50;5
AIR;01.02.2003 00:00;45.4;55;3
AIR;01.03.2003 00:00;0;0;0
AIR;01.04.2003 00:00;118.9;79;9
AIR;01.05.2003 00:00;63.2;34;9
AIR;01.06.2003 00:00;56.9;32;7
AIR;01.07.2003 00:00;136.3;102;8
AIR;01.08.2003 00:00;149.8;86;9
AIR;01.09.2003 00:00;65.1;34;8
AIR;01.10.2003 00:00;146.9;68;10
AIR;01.11.2003 00:00;205.3;94;13
AIR;01.12.2003 00:00;146.6;128;11
AIR;01.01.2004 00:00;149.6;140;13
AIR;01.02.2004 00:00;66.2;81;4
AIR;01.03.2004 00:00;29.3;30;5
AIR;01.04.2004 00:00;118.3;78;15
AIR;01.05.2004 00:00;124.7;68;10
AIR;01.06.2004 00:00;52;30;6
AIR;01.07.2004 00:00;100.4;75;8
AIR;01.08.2004 00:00;233.5;134;16
AIR;01.09.2004 00:00;63.7;34;2
AIR;01.10.2004 00:00;381.1;175;14
AIR;01.11.2004 00:00;135.8;62;7
AIR;01.12.2004 00:00;66.4;58;7
AIR;01.01.2005 00:00;40.9;38;5
AIR;01.02.2005 00:00;35.7;44;4
AIR;01.03.2005 00:00;24.5;25;5
AIR;01.04.2005 00:00;124.3;82;8
AIR;01.05.2005 00:00;159.2;87;11
AIR;01.06.2005 00:00;125.8;72;7
AIR;01.07.2005 00:00;108.4;82;8
AIR;01.08.2005 00:00;187.6;107;9
AIR;01.09.2005 00:00;91.9;48;7
AIR;01.10.2005 00:00;36.4;17;5
AIR;01.11.2005 00:00;19.5;9;5
AIR;01.12.2005 00:00;70.1;61;6
AIR;01.01.2006 00:00;63.6;59;4
AIR;01.02.2006 00:00;91;111;7
AIR;01.03.2006 00:00;129;130;10
AIR;01.04.2006 00:00;81.7;54;7
AIR;01.05.2006 00:00;174;95;10
AIR;01.06.2006 00:00;76.4;44;7
AIR;01.07.2006 00:00;50.4;38;10
AIR;01.08.2006 00:00;202.8;116;14
AIR;01.09.2006 00:00;120.6;64;7
AIR;01.10.2006 00:00;133.2;61;10
AIR;01.11.2006 00:00;109.9;50;8
AIR;01.12.2006 00:00;169.3;147;7
AIR;01.01.2007 00:00;95.6;89;9
AIR;01.02.2007 00:00;62;76;7
AIR;01.03.2007 00:00;127.7;129;9
AIR;01.04.2007 00:00;11.9;8;3
AIR;01.05.2007 00:00;278.3;151;12
AIR;01.06.2007 00:00;277.3;158;13
AIR;01.07.2007 00:00;145.9;110;7
AIR;01.08.2007 00:00;187.1;107;14
AIR;01.09.2007 00:00;45.8;24;7
AIR;01.10.2007 00:00;16.4;8;4
AIR;01.11.2007 00:00;124.7;57;5
AIR;01.12.2007 00:00;61.8;54;6
AIR;01.01.2008 00:00;186.1;174;13
AIR;01.02.2008 00:00;48;59;4
AIR;01.03.2008 00:00;83.3;84;7
AIR;01.04.2008 00:00;139.4;92;18
AIR;01.05.2008 00:00;285.7;155;15
AIR;01.06.2008 00:00;98.2;56;13
AIR;01.07.2008 00:00;199.5;150;12
AIR;01.08.2008 00:00;212.5;122;13
AIR;01.09.2008 00:00;394.2;208;11
AIR;01.10.2008 00:00;269.5;124;11
AIR;01.11.2008 00:00;226.2;103;13
AIR;01.12.2008 00:00;129.7;113;15
AIR;01.01.2009 00:00;61.9;58;7
AIR;01.02.2009 00:00;181.3;221;10
AIR;01.03.2009 00:00;151.2;152;13
AIR;01.04.2009 00:00;236;156;12
AIR;01.05.2009 00:00;61;33;7
AIR;01.06.2009 00:00;168.3;96;11
AIR;01.07.2009 00:00;150.7;113;10
AIR;01.08.2009 00:00;111.9;64;10
AIR;01.09.2009 00:00;87.6;46;7
AIR;01.10.2009 00:00;59.3;27;6
AIR;01.11.2009 00:00;243.4;111;14
AIR;01.12.2009 00:00;134.4;117;15
AIR;01.01.2010 00:00;41.2;39;6
AIR;01.02.2010 00:00;71;87;12
AIR;01.03.2010 00:00;134.3;135;9
AIR;01.04.2010 00:00;60.2;40;7
AIR;01.05.2010 00:00;325.6;177;17
AIR;01.06.2010 00:00;184.2;105;10
AIR;01.07.2010 00:00;70.5;53;10
AIR;01.08.2010 00:00;173.6;99;13
AIR;01.09.2010 00:00;115.9;61;5
AIR;01.10.2010 00:00;188.3;87;8
AIR;01.11.2010 00:00;228;104;15
AIR;01.12.2010 00:00;137;119;11
AIR;01.01.2011 00:00;40.1;37;5
AIR;01.02.2011 00:00;58.5;71;3
AIR;01.03.2011 00:00;62.5;63;7
AIR;01.04.2011 00:00;2.5;2;1
AIR;01.05.2011 00:00;48.7;26;7
AIR;01.06.2011 00:00;213.1;122;14
AIR;01.07.2011 00:00;331.4;249;12
AIR;01.08.2011 00:00;175.2;100;8
AIR;01.09.2011 00:00;130.9;69;6
AIR;01.10.2011 00:00;89.5;41;9
AIR;01.11.2011 00:00;212.7;97;6
AIR;01.12.2011 00:00;233.4;203;13
AIR;01.01.2012 00:00;134.6;126;14
AIR;01.02.2012 00:00;1.3;2;0
AIR;01.03.2012 00:00;91;92;4
AIR;01.04.2012 00:00;223;147;18
AIR;01.05.2012 00:00;75.8;41;10
AIR;01.06.2012 00:00;209.9;120;11
AIR;01.07.2012 00:00;145.1;109;12
AIR;01.08.2012 00:00;265.1;152;14
AIR;01.09.2012 00:00;196.1;103;11
AIR;01.10.2012 00:00;134.4;62;15
AIR;01.11.2012 00:00;294.4;134;11
AIR;01.12.2012 00:00;154.8;135;12
AIR;01.01.2013 00:00;23.8;22;2
AIR;01.02.2013 00:00;40.8;50;6
AIR;01.03.2013 00:00;45.1;45;11
AIR;01.04.2013 00:00;335.2;221;13
AIR;01.05.2013 00:00;360.2;196;16
AIR;01.06.2013 00:00;82.5;47;5
AIR;01.07.2013 00:00;110.5;83;6
AIR;01.08.2013 00:00;164;94;10
AIR;01.09.2013 00:00;157.6;83;10
AIR;01.10.2013 00:00;255.3;118;14
AIR;01.11.2013 00:00;127.4;58;16
AIR;01.12.2013 00:00;241.9;211;8
AIR;01.01.2014 00:00;172.1;161;16
AIR;01.02.2014 00:00;235.5;288;18
AIR;01.03.2014 00:00;66.6;67;6
AIR;01.04.2014 00:00;76;50;9
AIR;01.05.2014 00:00;166.9;91;10
AIR;01.06.2014 00:00;141.3;81;8
AIR;01.07.2014 00:00;188;141;15
AIR;01.08.2014 00:00;192.5;110;14
AIR;01.09.2014 00:00;32.2;17;8
AIR;01.10.2014 00:00;226.8;104;17
AIR;01.11.2014 00:00;634.3;289;17
AIR;01.12.2014 00:00;47.8;42;10
AIR;01.01.2015 00:00;185.9;174;16
AIR;01.02.2015 00:00;90.2;110;7
AIR;01.03.2015 00:00;121.9;123;13
AIR;01.04.2015 00:00;57.1;38;8
AIR;01.05.2015 00:00;188.5;102;12
AIR;01.06.2015 00:00;99.2;57;7
AIR;01.07.2015 00:00;48.6;37;9
AIR;01.08.2015 00:00;220.6;126;11
AIR;01.09.2015 00:00;419.4;221;13
AIR;01.10.2015 00:00;164.6;76;12
AIR;01.11.2015 00:00;46.6;21;2
AIR;01.12.2015 00:00;1;1;1
AIR;01.01.2016 00:00;126.5;118;11
AIR;01.02.2016 00:00;152.7;186;15
AIR;01.03.2016 00:00;120.1;121;10
AIR;01.04.2016 00:00;281.3;186;15
AIR;01.05.2016 00:00;162;88;13
AIR;01.06.2016 00:00;194;111;13
AIR;01.07.2016 00:00;81.1;61;10
AIR;01.08.2016 00:00;52.9;30;5
AIR;01.09.2016 00:00;94.5;50;8
AIR;01.10.2016 00:00;96.3;44;7
AIR;01.11.2016 00:00;211.8;97;14
AIR;01.12.2016 00:00;18.7;16;2
AIR;01.01.2017 00:00;33.6;31;6
AIR;01.02.2017 00:00;90.4;110;12
AIR;01.03.2017 00:00;232;234;11
AIR;01.04.2017 00:00;108.8;72;6
AIR;01.05.2017 00:00;112.3;61;11
AIR;01.06.2017 00:00;205.4;117;11
AIR;01.07.2017 00:00;126.4;95;11
AIR;01.08.2017 00:00;186.5;107;10
AIR;01.09.2017 00:00;109.3;58;6
AIR;01.10.2017 00:00;13.5;6;2
AIR;01.11.2017 00:00;71.3;32;7
AIR;01.12.2017 00:00;170;148;12
AIR;01.01.2018 00:00;299.6;280;20
AIR;01.02.2018 00:00;25.4;31;6
AIR;01.03.2018 00:00;164.7;166;11
AIR;01.04.2018 00:00;224.6;148;13
AIR;01.05.2018 00:00;112.4;61;14
AIR;01.06.2018 00:00;91.5;52;6
AIR;01.07.2018 00:00;51.9;39;8
AIR;01.08.2018 00:00;121.5;70;11
AIR;01.09.2018 00:00;34.9;18;8
AIR;01.10.2018 00:00;401.1;185;11
AIR;01.11.2018 00:00;335.7;153;15
AIR;01.12.2018 00:00;123.8;108;11
AIR;01.01.2019 00:00;42.9;40;7
AIR;01.02.2019 00:00;43.5;53;3
AIR;01.03.2019 00:00;104.6;105;12
AIR;01.04.2019 00:00;315;208;8
AIR;01.05.2019 00:00;56.8;31;8
AIR;01.06.2019 00:00;280.3;160;10
AIR;01.07.2019 00:00;46.9;35;8
AIR;01.08.2019 00:00;262.3;150;13
AIR;01.09.2019 00:00;61;32;6
AIR;01.10.2019 00:00;417.3;192;15
AIR;01.11.2019 00:00;339.9;155;21
AIR;01.12.2019 00:00;198.1;172;15
AIR;01.01.2020 00:00;40.9;38;3
AIR;01.02.2020 00:00;77.3;94;12
AIR;01.03.2020 00:00;42.5;43;4
AIR;01.04.2020 00:00;44.8;30;6
AIR;01.05.2020 00:00;128.1;70;13
AIR;01.06.2020 00:00;148.3;85;14
AIR;01.07.2020 00:00;56.6;43;5
AIR;01.08.2020 00:00;234.8;134;11
AIR;01.09.2020 00:00;66.7;35;6
AIR;01.10.2020 00:00;445.8;205;10
AIR;01.11.2020 00:00;8.1;4;1
AIR;01.12.2020 00:00;181;158;14
AIR;01.01.2021 00:00;180.8;169;16
AIR;01.02.2021 00:00;52.1;64;6
AIR;01.03.2021 00:00;33.9;34;5
AIR;01.04.2021 00:00;64.9;43;8
AIR;01.05.2021 00:00;234.4;127;12
AIR;01.06.2021 00:00;200.1;114;12
AIR;01.07.2021 00:00;455.2;342;17
AIR;01.08.2021 00:00;61.7;35;5
AIR;01.09.2021 00:00;77.3;41;5
AIR;01.10.2021 00:00;201.3;93;7
AIR;01.11.2021 00:00;91.5;42;9
AIR;01.12.2021 00:00;54.4;47;9
AIR;01.01.2022 00:00;14.7;14;3
AIR;01.02.2022 00:00;44.8;55;7
AIR;01.03.2022 00:00;17.9;18;5
AIR;01.04.2022 00:00;85.1;56;8
AIR;01.05.2022 00:00;84.9;46;11
AIR;01.06.2022 00:00;152.9;87;13
AIR;01.07.2022 00:00;58.1;44;7
AIR;01.08.2022 00:00;52.6;30;7
AIR;01.09.2022 00:00;103.5;55;11
AIR;01.10.2022 00:00;217.1;100;8
AIR;01.11.2022 00:00;50.4;23;8
AIR;01.12.2022 00:00;113.2;99;10
AIR;01.01.2023 00:00;25.8;24;4
AIR;01.02.2023 00:00;5.5;7;3
AIR;01.03.2023 00:00;108.3;109;12
AIR;01.04.2023 00:00;95.7;63;8
AIR;01.05.2023 00:00;76;41;10
AIR;01.06.2023 00:00;104.6;60;11
AIR;01.07.2023 00:00;77.5;58;10
AIR;01.08.2023 00:00;172;98;10
AIR;01.09.2023 00:00;159.3;84;9
AIR;01.10.2023 00:00;412.3;190;13
AIR;01.11.2023 00:00;148.8;68;19
AIR;01.12.2023 00:00;117.3;102;10
AIR;01.01.2024 00:00;47.6;44;9
AIR;01.02.2024 00:00;179.5;219;10
AIR;01.03.2024 00:00;374.9;378;17
AIR;01.04.2024 00:00;119.8;79;10
AIR;01.05.2024 00:00;143.3;78;18
AIR;01.06.2024 00:00;276;158;12
AIR;01.07.2024 00:00;85.6;64;8
AIR;01.08.2024 00:00;65.4;37;7
AIR;01.09.2024 00:00;229.1;121;11
AIR;01.10.2024 00:00;318.2;147;15
AIR;01.11.2024 00:00;67.5;31;6
AIR;01.12.2024 00:00;49.8;43;6
AIR;01.01.2025 00:00;140.7;131;17
AIR;01.02.2025 00:00;36.4;44;6
AIR;01.03.2025 00:00;100.6;101;10
AIR;01.04.2025 00:00;164.5;109;13
AIR;01.05.2025 00:00;100.5;55;11
AIR;01.06.2025 00:00;178;102;11
AIR;01.07.2025 00:00;129.8;98;12
